configuration,seed,success_pct,crash_pct,timeout_pct,energy_per_m_J,flight_time_s,speed_m_s,mean_rotor_rpm,harvest_power_uW,training_wall_time_min
"SAC, energy-aware",0,82.5,17.0,0.5,87.68,5.14,1.91,5084.8,0.1185,18.2
"SAC, energy-aware",1,83.0,17.0,0.0,83.01,4.64,2.175,5176.7,0.1296,17.7
"SAC, energy-aware",2,78.5,21.5,0.0,84.38,4.9,2.125,5084.6,0.12,17.9
"SAC, energy-aware",3,88.0,12.0,0.0,89.61,4.94,2.124,5199.8,0.1317,17.5
"SAC, energy-aware",4,86.0,13.5,0.5,83.91,4.85,2.138,5118.1,0.122,18.1
"PPO, energy-aware",0,62.0,38.0,0.0,64.87,3.84,2.593,5050.9,0.1201,1.5
"PPO, energy-aware",1,72.0,28.0,0.0,75.6,4.11,2.347,5219.9,0.1349,1.5
"PPO, energy-aware",2,77.5,22.5,0.0,77.31,4.2,2.464,5213.5,0.1338,1.4
"PPO, energy-aware",3,76.5,23.0,0.5,73.7,4.12,2.37,5172.5,0.1277,1.4
"PPO, energy-aware",4,74.0,26.0,0.0,70.74,3.85,2.502,5221.8,0.1344,1.5
"DQN, energy-aware",0,67.5,32.5,0.0,106.32,5.77,1.828,5190.2,0.1393,2.1
"DQN, energy-aware",1,56.5,40.0,3.5,99.17,5.54,1.833,5183.0,0.1375,2.0
"DQN, energy-aware",2,71.0,28.5,0.5,118.16,6.72,1.729,5159.3,0.1372,2.0
"DQN, energy-aware",3,37.5,39.0,23.5,122.16,6.51,1.668,5164.2,0.1366,2.2
"DQN, energy-aware",4,65.0,29.0,6.0,118.78,6.63,1.731,5154.1,0.1362,2.0
"SAC, standard",0,83.5,16.0,0.5,113.04,6.59,1.717,5114.5,0.119,18.3
"SAC, standard",1,72.5,23.0,4.5,98.09,5.59,1.909,5163.1,0.1254,19.1
"SAC, standard",2,83.0,15.0,2.0,96.93,5.56,1.97,5133.4,0.1238,18.3
"SAC, standard",3,79.0,17.5,3.5,101.73,5.71,1.856,5168.6,0.1264,19.1
"SAC, standard",4,89.0,11.0,0.0,84.27,4.99,2.075,5081.0,0.1183,18.4
"SAC, energy-aware + harvest bonus",0,89.5,10.5,0.0,96.11,5.67,1.869,5078.7,0.1177,18.2
"SAC, energy-aware + harvest bonus",1,85.5,14.5,0.0,99.23,5.79,1.847,5102.1,0.1199,18.8
"SAC, energy-aware + harvest bonus",2,84.5,15.5,0.0,87.74,5.18,2.008,5081.3,0.1189,17.4
"SAC, energy-aware + harvest bonus",3,83.0,17.0,0.0,104.52,5.97,1.834,5145.1,0.1245,18.9
"SAC, energy-aware + harvest bonus",4,79.0,21.0,0.0,95.08,5.66,1.817,5073.6,0.1172,17.7
